Emplois : Alternance Informatique, Île-de-France - septembre 2021 | Indeed.com;https://fr.indeed.com/pagead/clk?mo=r&ad=-6NYlbfkN0AF21rwbTWKPAx9yMkkS0tdAFPJ7eOnDF9RxWJ4_yQWZIC6CaPqCKlN4V3r4F236VdcC6WCEFgWl5B2Rm4KNvrn-91lhIy9dCEW1JRRB67l689bsfHm4dIsISaT2JvRALl0TamD9LBDNEDt8qmvvWV4Du8aCC8ftx7DEUQnIWmtio3KdlHE2ppmRKUnvJnRHvgh9w1KHufHy5RDTGHGLwHkPeRdQg-R-SbQh0_9qeV1Jo0orI-BHK2Fii-Yl-jvh1uGjI_4I8howl4AOh8vvDQf5WOVGDllo2sx30AqQugiLktVh9TFnLal5onFWYPvVxwD2-wRYllwm4JJsdgwhQZC5jxJvRs9c0JzdHkxg2SKE8FZfDlxMxot_BCM9-bKgu9UyyLy0N1KZX-tfeDDpMjpKabiR4AdwlgKrAdcJKaC0edeja21TCaH37uoypD4QnvGdkB-mL0CwdNcsO7o6YmLQzPqI9tLYCitPfQwYEpOgMWfAcHWbhAmN3ozgR-6xrudyP2BWDVDZBiFJYUDS9aKD5cpcL1KO6WlMIVYFJEzafYNizGL1wrSkPY93l8cWVkS5Hk2AWaVq9xZYDDbeeX5&p=0&fvj=0&vjs=3;07/09/2021, 23:58:12
Emplois : Alternance Informatique, Île-de-France - septembre 2021 | Indeed.com;https://fr.indeed.com/company/CONSEIL-NATIONAL-DE-L'ORDRE-DES-INFIRMIERS/jobs/Technicien-Support-Informatique-Alternance-a6d44a9f432dedbb?fccid=2e0e4f32861e7f3a&vjs=3;07/09/2021, 23:58:47
Emplois : Alternance Informatique, Île-de-France - septembre 2021 | Indeed.com;https://fr.indeed.com/rc/clk?jk=d18fb40b48c520e8&fccid=82402e8737017edf&vjs=3;07/09/2021, 23:59:22
Emplois : Alternance Informatique, Île-de-France - septembre 2021 | Indeed.com;https://fr.indeed.com/company/Everping/jobs/Technicien-Polyvalent-Startup-9fea411a8bcf36cf?fccid=9a2e4e124ed25829&vjs=3;07/09/2021, 23:59:57
Emplois : Alternance Informatique, Île-de-France - septembre 2021 | Indeed.com;https://fr.indeed.com/pagead/clk?mo=r&ad=-6NYlbfkN0AF21rwbTWKPAx9yMkkS0tdAFPJ7eOnDF9RxWJ4_yQWZIC6CaPqCKlN4V3r4F236VdcC6WCEFgWl5B2Rm4KNvrn-91lhIy9dCEW1JRRB67l689bsfHm4dIsISaT2JvRALl0TamD9LBDNEDt8qmvvWV4Du8aCC8ftx7DEUQnIWmtio3KdlHE2ppmRKUnvJnRHvgh9w1KHufHy5RDTGHGLwHkjJvbpI1VCKbDGtdNuJW6bonWOb92QQhMQBOS-1puq0MuhdtQl_siUhS9qir8jXxv0i3L5eU7lk6o3O3H0QbQqLQwC64MxPBVPd89vOpdc8uLP3WNwpO-4_WzIH2IXgvOcL0Ez64ie8l1XAdo6KqGlom2BdfQR7JqafOnY9D1XlcD1vqsM2PC_h6iregCHulMg7DcsHRrsPw3pBXix1fRy2Ir_glJGp85KSdv7ZV0hEnhNQ_9hK01d6G85Rv1rEU86DJrx37pGeo3G_STPxR4BxPjvU0ss_rTQCMEQ4t3n0heHINKe7yooNsXH81tXoLnMpTnnJM14AS-GN1QTiHXdVAedAGn3Ruef8UEMwPfUniegfTAtQbXZ15Rjz8nABJF&p=0&fvj=0&vjs=3;08/09/2021, 00:00:47
Emplois : Alternance Informatique, Île-de-France - septembre 2021 | Indeed.com;https://fr.indeed.com/pagead/clk?mo=r&ad=-6NYlbfkN0AF21rwbTWKPAx9yMkkS0tdAFPJ7eOnDF9RxWJ4_yQWZIC6CaPqCKlN4V3r4F236VdcC6WCEFgWl5B2Rm4KNvrn-91lhIy9dCEW1JRRB67l689bsfHm4dIsISaT2JvRALl0TamD9LBDNEDt8qmvvWV4Du8aCC8ftx7DEUQnIWmtio3KdlHE2ppmRKUnvJnRHvgh9w1KHufHy20wql7aspLOtiCEDNWZLiJz6pEiltR_k3SiLs30VJCymFRLsa1mfpT9ejy-k15y5M_n-XIN1IMsxg8nfAKaQ2BwuFI63kz4P6earPnfwth0zAj5yeUTBOJRmJZt1KtKU7dB5grJIFqtOxTfIblTEc99pRXuvK5EL3TeJ8LRodFz_zHtgYuMzBzQlLzJXK1yL1Mb12_qIc9CBeGoE4sZJC0q8_NuLVtVONNahHdrKI_EA_tFtCTvKB-c4UGVXdp33qxZF9isqMPfH3c-BoeWUJE9WXhhqEF169vpvWuElv4CXHiVYSHx9iARtyWC2Sf2Tu22Ifo-rfH9c5dpvXV15Iyt4C5iL8gTIxwwuXp-c5JhfwgAgbODDrITMY9sUThNOx0amBeqCCOocf_msmdBfC0=&p=0&fvj=0&vjs=3;08/09/2021, 21:53:04
Emplois : Alternance Informatique, Île-de-France - septembre 2021 | Indeed.com;https://fr.indeed.com/pagead/clk?mo=r&ad=-6NYlbfkN0BcfWIzxHye9HrqLLaNrNiHUzsxSfm6N4K6IVgxK74vhKAzqJMFL2yFWqVI8pMe4LGzfmfaukE36TzO80Rer3WeFb5dCys0DKM4biTPDlbvfsZWPcmsQYqEWw1VDHJI6flq-1f1Efmg2ynpOfeBOvUvZWGi1_7de0yPTrWShooXk5VCKAQNW-G-41KsC-4v40Weg9LmRAZpaTLZ1row8t0bq1DpcsN3F-niRRb7VF9WdH35OkKbeoIteQWje_0QIzCOBsEi0-vRMn_Ov63NZYfBrla2zCrWFqbA_2XtnO_zcVzVeVxA6sfb1SZB2z9XZRb_5UrZJo9lBRd8ztQA6UoT3f4LKzwVXp9D0cyqVrc-Zzx3TwT64xP5a2YetvzHFtTglwJTNwKtO1ru-fjukDhC2sdFd75VM5OutHhp_bfrF1edIzKebHWQAf_3euDBNkTK84HRgoEZ5btlXJZDsXjZ1suRLEM-0mBXOaqbFbwe5G5ci-2TBR8xf6Ot6YJSnNBUY1RBMjowNxuhJQF-jE7PNYFFi57DiZ6h_-4YjnJvUFkM-xmDkddYRzr57E0UW_U=&p=1&fvj=1&vjs=3;08/09/2021, 21:53:39
Emplois : Alternance Informatique, Île-de-France - septembre 2021 | Indeed.com;https://fr.indeed.com/company/CONSEIL-NATIONAL-DE-L'ORDRE-DES-INFIRMIERS/jobs/Technicien-Support-Informatique-Alternance-a6d44a9f432dedbb?fccid=2e0e4f32861e7f3a&vjs=3;08/09/2021, 21:54:14
Emplois : Alternance Informatique, Île-de-France - septembre 2021 | Indeed.com;https://fr.indeed.com/pagead/clk?mo=r&ad=-6NYlbfkN0AF21rwbTWKPAx9yMkkS0tdAFPJ7eOnDF9RxWJ4_yQWZIC6CaPqCKlN4V3r4F236VdcC6WCEFgWl5B2Rm4KNvrn-91lhIy9dCEW1JRRB67l689bsfHm4dIsISaT2JvRALl0TamD9LBDNEDt8qmvvWV4Du8aCC8ftx7DEUQnIWmtio3KdlHE2ppmRKUnvJnRHvgh9w1KHufHy20wql7aspLO7B5WQ2oHicbcNnxaDJoU3yP1LV5kje6ujuamXU9PNw_5Lky2qiKIyXn3tl_CTRq4NNkn23IyFc7oryN88Rih3iZL76afXkLTBhfxeoOe87oaZfAgmR3zsi3h-q6yJr4xZVpOQSOwXT1Wzb1JFQqeT-3oEL7agtona9rQNIcAXg759RcmvpFaPSGa9HpFeNMdEwfv7ud5M2W7vr9eW0m68O5Dt1Y4qZsS_4jPxKtQIFl96UbdBK8ffb-vFvYhnw0PrBpJe1F2flsPSOcpfGyki4uIZrQZa12kGVQTECTX7jZcPMEhBSD17KG3J3ssBqUHX98E0vOBANeQ6QUBG5OtA8euSYuSv6_uJvDWcyRREj2QYforH5pBBYre1nrgU9kCAljWL006F0M=&p=0&fvj=0&vjs=3;08/09/2021, 21:55:28
Emplois : Alternance Informatique, Île-de-France - septembre 2021 | Indeed.com;https://fr.indeed.com/pagead/clk?mo=r&ad=-6NYlbfkN0BcfWIzxHye9HrqLLaNrNiHUzsxSfm6N4K6IVgxK74vhKAzqJMFL2yFWqVI8pMe4LGzfmfaukE36TzO80Rer3WeFb5dCys0DKM4biTPDlbvfsZWPcmsQYqEWw1VDHJI6flq-1f1Efmg2ynpOfeBOvUvZWGi1_7de0yPTrWShooXk5VCKAQNW-G-47kwwYTwdKTnv8aju4i3aVzOKVMAsI-wSRc6mfrCrNPLAd4wfrPbdmikGGlrB8JOnCIvPQuSGx0e_0HFNEKh9I_1hj8jjN_iDxjXjyqp3c_WW-Iwq9lewdcLQ98GPBkZdQqCvKxmQGAkv-zOVvay_WTmuyfe0dXLVwAFenv1bMskcBw9ckEkzugsRBPS9jE8vfE6a_MZ4bDyeERthWfpLItXij1Ex3KE05vKkpEhzLsi7X2B7pi60-h7c59-HE-DwEnTEpEHgKL6_cRPJJJKa93Le4U_dDeK8R5dnfZDNfLvI1mk2BAuf3nM39ILIbdUEMnMt70RZm-n1w04Whm7gOA0h1XG_IiBELx3ngGRUxKkwBcm4omCb0IUa2nddmeBiVRrwbKK7Z4=&p=0&fvj=1&vjs=3;08/09/2021, 21:56:28
Emplois : Alternance Informatique, Île-de-France - septembre 2021 | Indeed.com;https://fr.indeed.com/pagead/clk?mo=r&ad=-6NYlbfkN0AF21rwbTWKPAx9yMkkS0tdAFPJ7eOnDF9RxWJ4_yQWZIC6CaPqCKlN4V3r4F236VdcC6WCEFgWl5B2Rm4KNvrn-91lhIy9dCEW1JRRB67l689bsfHm4dIsISaT2JvRALl0TamD9LBDNEDt8qmvvWV4Du8aCC8ftx7DEUQnIWmtio3KdlHE2ppmRKUnvJnRHvgh9w1KHufHy20wql7aspLO9u7xGI1jpRvP7OIPrjA5l3Zj7ckbuxympYVWfLgunUT5EK2aGSC140YsLsWPwGJ6bmLOIKWo4LKXTl8Oxcl3AcGQu-STzncKHwZgG5-LJlr9mVs-Az7PMH6XC5PvE_yyETfGSzhl5VsXxDrYRpK6iJc0UBss_wPfgy5vmdd5tb1i-M9VFO5DhukXSu0oULFTlO5ISFIjPoHDO3lLAg_2NZBXfyu2BpGDK0s-st0r39RzELtbeijiKMhP5oMzlPr8yAJs70SiLARqNMtoMxWICrJkEAQs2JrlFveYRHGJHAlzD4aktG8iike_8kRpNiWJ2V5WXOl_xLJw1Ak4QBFwb_8DZ4MGSi26PbmP9mhyPSv-3qZKXLBPFQri-qLaF4Me&p=1&fvj=0&vjs=3;08/09/2021, 21:57:03
Emplois : Alternance Informatique, Île-de-France - septembre 2021 | Indeed.com;https://fr.indeed.com/rc/clk?jk=d18fb40b48c520e8&fccid=82402e8737017edf&vjs=3;08/09/2021, 22:11:03
Emplois : Alternance Informatique, Île-de-France - septembre 2021 | Indeed.com;https://fr.indeed.com/company/INSTEP-IDF/jobs/Technicien-4901c7cfb3929488?fccid=fe914b8dee243d0b&vjs=3;08/09/2021, 22:11:28
Emplois : Alternance Informatique, Île-de-France - septembre 2021 | Indeed.com;https://fr.indeed.com/company/CONSEIL-NATIONAL-DE-L'ORDRE-DES-INFIRMIERS/jobs/Technicien-Support-Informatique-Alternance-a6d44a9f432dedbb?fccid=2e0e4f32861e7f3a&vjs=3;08/09/2021, 22:11:53
Emplois : Alternance Informatique, Île-de-France - septembre 2021 | Indeed.com;https://fr.indeed.com/company/42-Consulting/jobs/Alternance-Cloud-Cybers%C3%A9curit%C3%A9-D%C3%A9butant-ba1621b611d42d42?fccid=9c8392732eab5553&vjs=3;08/09/2021, 22:12:18
Emplois : Alternance Informatique, Île-de-France - septembre 2021 | Indeed.com;https://fr.indeed.com/rc/clk?jk=d18fb40b48c520e8&fccid=82402e8737017edf&vjs=3;08/09/2021, 22:12:45
Emplois : Alternance Informatique, Île-de-France - septembre 2021 | Indeed.com;https://fr.indeed.com/company/INSTEP-IDF/jobs/Technicien-4901c7cfb3929488?fccid=fe914b8dee243d0b&vjs=3;08/09/2021, 22:13:10
Emplois : Alternance Informatique, Île-de-France - septembre 2021 | Indeed.com;https://fr.indeed.com/company/CONSEIL-NATIONAL-DE-L'ORDRE-DES-INFIRMIERS/jobs/Technicien-Support-Informatique-Alternance-a6d44a9f432dedbb?fccid=2e0e4f32861e7f3a&vjs=3;08/09/2021, 22:13:35
Emplois : Alternance Informatique, Île-de-France - septembre 2021 | Indeed.com;https://fr.indeed.com/company/42-Consulting/jobs/Alternance-Cloud-Cybers%C3%A9curit%C3%A9-D%C3%A9butant-ba1621b611d42d42?fccid=9c8392732eab5553&vjs=3;08/09/2021, 22:14:00
Emplois : Alternance Informatique, Île-de-France - septembre 2021 | Indeed.com;https://fr.indeed.com/rc/clk?jk=d18fb40b48c520e8&fccid=82402e8737017edf&vjs=3;08/09/2021, 22:14:36
Emplois : Alternance Informatique, Île-de-France - septembre 2021 | Indeed.com;https://fr.indeed.com/company/CONSEIL-NATIONAL-DE-L'ORDRE-DES-INFIRMIERS/jobs/Technicien-Support-Informatique-Alternance-a6d44a9f432dedbb?fccid=2e0e4f32861e7f3a&vjs=3;08/09/2021, 22:14:39
Emplois : Alternance Informatique, Île-de-France - septembre 2021 | Indeed.com;https://fr.indeed.com/company/INSTEP-IDF/jobs/Technicien-4901c7cfb3929488?fccid=fe914b8dee243d0b&vjs=3;08/09/2021, 22:14:42
Emplois : Alternance Informatique, Île-de-France - septembre 2021 | Indeed.com;https://fr.indeed.com/company/42-Consulting/jobs/Alternance-Cloud-Cybers%C3%A9curit%C3%A9-D%C3%A9butant-ba1621b611d42d42?fccid=9c8392732eab5553&vjs=3;08/09/2021, 22:14:45
Emplois : Alternance Informatique, Île-de-France - septembre 2021 | Indeed.com;https://fr.indeed.com/company/Inmac-wstore/jobs/Alternance-Technicien-Support-Informatique-02c2a19e5d4f6ad6?fccid=732caa19278ce108&vjs=3;08/09/2021, 22:14:48
Emplois : Alternance Informatique, Île-de-France - septembre 2021 | Indeed.com;https://fr.indeed.com/rc/clk?jk=d18fb40b48c520e8&fccid=82402e8737017edf&vjs=3;08/09/2021, 22:14:53
Emplois : Alternance Informatique, Île-de-France - septembre 2021 | Indeed.com;https://fr.indeed.com/company/CONSEIL-NATIONAL-DE-L'ORDRE-DES-INFIRMIERS/jobs/Technicien-Support-Informatique-Alternance-a6d44a9f432dedbb?fccid=2e0e4f32861e7f3a&vjs=3;08/09/2021, 22:14:56
Emplois : Alternance Informatique, Île-de-France - septembre 2021 | Indeed.com;https://fr.indeed.com/company/INSTEP-IDF/jobs/Technicien-4901c7cfb3929488?fccid=fe914b8dee243d0b&vjs=3;08/09/2021, 22:14:59
Emplois : Alternance Informatique, Île-de-France - septembre 2021 | Indeed.com;https://fr.indeed.com/company/42-Consulting/jobs/Alternance-Cloud-Cybers%C3%A9curit%C3%A9-D%C3%A9butant-ba1621b611d42d42?fccid=9c8392732eab5553&vjs=3;08/09/2021, 22:15:02
Emplois : Alternance Informatique, Île-de-France - septembre 2021 | Indeed.com;https://fr.indeed.com/company/Inmac-wstore/jobs/Alternance-Technicien-Support-Informatique-02c2a19e5d4f6ad6?fccid=732caa19278ce108&vjs=3;08/09/2021, 22:15:05
Emplois : Alternance Informatique, Île-de-France - septembre 2021 | Indeed.com;https://fr.indeed.com/rc/clk?jk=d18fb40b48c520e8&fccid=82402e8737017edf&vjs=3;08/09/2021, 22:15:11
Emplois : Alternance Informatique, Île-de-France - septembre 2021 | Indeed.com;https://fr.indeed.com/company/CONSEIL-NATIONAL-DE-L'ORDRE-DES-INFIRMIERS/jobs/Technicien-Support-Informatique-Alternance-a6d44a9f432dedbb?fccid=2e0e4f32861e7f3a&vjs=3;08/09/2021, 22:15:14
Emplois : Alternance Informatique, Île-de-France - septembre 2021 | Indeed.com;https://fr.indeed.com/company/INSTEP-IDF/jobs/Technicien-4901c7cfb3929488?fccid=fe914b8dee243d0b&vjs=3;08/09/2021, 22:15:18
Emplois : Alternance Informatique, Île-de-France - septembre 2021 | Indeed.com;https://fr.indeed.com/company/42-Consulting/jobs/Alternance-Cloud-Cybers%C3%A9curit%C3%A9-D%C3%A9butant-ba1621b611d42d42?fccid=9c8392732eab5553&vjs=3;08/09/2021, 22:15:21
Emplois : Alternance Informatique, Île-de-France - septembre 2021 | Indeed.com;https://fr.indeed.com/company/Inmac-wstore/jobs/Alternance-Technicien-Support-Informatique-02c2a19e5d4f6ad6?fccid=732caa19278ce108&vjs=3;08/09/2021, 22:15:24
Emplois : Alternance Informatique, Île-de-France - septembre 2021 | Indeed.com;https://fr.indeed.com/rc/clk?jk=d18fb40b48c520e8&fccid=82402e8737017edf&vjs=3;08/09/2021, 22:15:29
Emplois : Alternance Informatique, Île-de-France - septembre 2021 | Indeed.com;https://fr.indeed.com/company/CONSEIL-NATIONAL-DE-L'ORDRE-DES-INFIRMIERS/jobs/Technicien-Support-Informatique-Alternance-a6d44a9f432dedbb?fccid=2e0e4f32861e7f3a&vjs=3;08/09/2021, 22:15:32
Emplois : Alternance Informatique, Île-de-France - septembre 2021 | Indeed.com;https://fr.indeed.com/company/INSTEP-IDF/jobs/Technicien-4901c7cfb3929488?fccid=fe914b8dee243d0b&vjs=3;08/09/2021, 22:15:36
Emplois : Alternance Informatique, Île-de-France - septembre 2021 | Indeed.com;https://fr.indeed.com/company/42-Consulting/jobs/Alternance-Cloud-Cybers%C3%A9curit%C3%A9-D%C3%A9butant-ba1621b611d42d42?fccid=9c8392732eab5553&vjs=3;08/09/2021, 22:15:39
Emplois : Alternance Informatique, Île-de-France - septembre 2021 | Indeed.com;https://fr.indeed.com/company/Inmac-wstore/jobs/Alternance-Technicien-Support-Informatique-02c2a19e5d4f6ad6?fccid=732caa19278ce108&vjs=3;08/09/2021, 22:15:42
Importez ou créez un CV pour cette candidature | Indeed;https://fr.indeed.com/rc/clk?jk=d18fb40b48c520e8&fccid=82402e8737017edf&vjs=3;08/09/2021, 22:18:11
Importez ou créez un CV pour cette candidature | Indeed;https://fr.indeed.com/company/INSTEP-IDF/jobs/Technicien-4901c7cfb3929488?fccid=fe914b8dee243d0b&vjs=3;08/09/2021, 22:18:16
Importez ou créez un CV pour cette candidature | Indeed;https://fr.indeed.com/company/CONSEIL-NATIONAL-DE-L'ORDRE-DES-INFIRMIERS/jobs/Technicien-Support-Informatique-Alternance-a6d44a9f432dedbb?fccid=2e0e4f32861e7f3a&vjs=3;08/09/2021, 22:18:21
Répondez aux questions de présélection de l'employeur | Indeed;https://fr.indeed.com/company/42-Consulting/jobs/Alternance-Cloud-Cybers%C3%A9curit%C3%A9-D%C3%A9butant-ba1621b611d42d42?fccid=9c8392732eab5553&vjs=3;08/09/2021, 22:18:26
Importez ou créez un CV pour cette candidature | Indeed;https://fr.indeed.com/rc/clk?jk=d18fb40b48c520e8&fccid=82402e8737017edf&vjs=3;08/09/2021, 22:29:40
Importez ou créez un CV pour cette candidature | Indeed;https://fr.indeed.com/company/INSTEP-IDF/jobs/Technicien-4901c7cfb3929488?fccid=fe914b8dee243d0b&vjs=3;08/09/2021, 22:29:50
Répondez aux questions de présélection de l'employeur | Indeed;https://fr.indeed.com/company/42-Consulting/jobs/Alternance-Cloud-Cybers%C3%A9curit%C3%A9-D%C3%A9butant-ba1621b611d42d42?fccid=9c8392732eab5553&vjs=3;08/09/2021, 22:29:55
Importez ou créez un CV pour cette candidature | Indeed;https://fr.indeed.com/company/CONSEIL-NATIONAL-DE-L'ORDRE-DES-INFIRMIERS/jobs/Technicien-Support-Informatique-Alternance-a6d44a9f432dedbb?fccid=2e0e4f32861e7f3a&vjs=3;08/09/2021, 22:30:01
Importez ou créez un CV pour cette candidature | Indeed;https://fr.indeed.com/company/Inmac-wstore/jobs/Alternance-Technicien-Support-Informatique-02c2a19e5d4f6ad6?fccid=732caa19278ce108&vjs=3;08/09/2021, 22:30:06
Répondez aux questions de présélection de l'employeur | Indeed;https://fr.indeed.com/company/HUMANE-SI/jobs/Technicien-Ne-Administrateur-Trice-Syst%C3%A8me-R%C3%A9seau-Alternance-eaa7306a37949887?fccid=56814be19fe0afd5&vjs=3;08/09/2021, 22:30:15
Emplois : Alternance Informatique, Île-de-France - septembre 2021 | Indeed.com;https://fr.indeed.com/company/EXERTIS-CONNECT/jobs/Technicien-Syst%C3%A8me-R%C3%A9seau-Alternance-F-H-dc5fb3939baab0b9?fccid=00b70808cddf0fb4&vjs=3;08/09/2021, 22:30:22
Importez ou créez un CV pour cette candidature | Indeed;https://fr.indeed.com/company/CANON/jobs/Technicien-Support-Informatique-9744fe6003b3341a?fccid=afaf88086f718352&vjs=3;08/09/2021, 22:30:27
Répondez aux questions de présélection de l'employeur | Indeed;https://fr.indeed.com/company/Everping/jobs/Technicien-Polyvalent-Startup-9fea411a8bcf36cf?fccid=9a2e4e124ed25829&vjs=3;08/09/2021, 22:30:32
Importez ou créez un CV pour cette candidature | Indeed;https://fr.indeed.com/rc/clk?jk=559e178f84463021&fccid=9916a80f74d4d80f&vjs=3;08/09/2021, 22:30:39
Emplois : Alternance Informatique, Île-de-France - septembre 2021 | Indeed.com;https://fr.indeed.com/company/INFORMATION-RESOURCES/jobs/Alternance-Assistant-49da3eb47b66f13c?fccid=73ca19755277ca1c&vjs=3;08/09/2021, 22:30:46
Importez ou créez un CV pour cette candidature | Indeed;https://fr.indeed.com/company/NIPPON-EXPRESS-France/jobs/Alternant-Informatique-b5ee361d454644f1?fccid=05742c78d2e242b1&vjs=3;08/09/2021, 22:30:51
Emplois : Alternance Informatique, Île-de-France - septembre 2021 | Indeed.com;https://fr.indeed.com/company/%C3%89ditions-l'Harmattan/jobs/Alternance-D%C3%A9veloppement-Informatique-19c20413bc494302?fccid=1c2acb9d3d0b33fd&vjs=3;08/09/2021, 22:30:59
Emplois : Alternance Informatique, Île-de-France - septembre 2021 | Indeed.com;https://fr.indeed.com/company/Eatology/jobs/D%C3%A9veloppeur-Informatique-bd1eaad91cf690b5?fccid=4a71c1419f3ba8bd&vjs=3;08/09/2021, 22:31:05
Importez ou créez un CV pour cette candidature | Indeed;https://fr.indeed.com/company/Ka%C3%AFna--com/jobs/D%C3%A9veloppeur-Web-2ec60d207e633e36?fccid=3c94636f1f881b94&vjs=3;08/09/2021, 22:31:10
Importez ou créez un CV pour cette candidature | Indeed;https://fr.indeed.com/company/I--TRACING/jobs/Administrateur-S%C3%A9curit%C3%A9-Des-Si-00346e0f74fb4f7b?fccid=e7d7efcb463c5c87&vjs=3;08/09/2021, 22:31:14
Importez ou créez un CV pour cette candidature | Indeed;https://fr.indeed.com/rc/clk?jk=537edf6d6dbca877&fccid=b417761b571bd6c1&vjs=3;08/09/2021, 22:31:20
Importez ou créez un CV pour cette candidature | Indeed;https://fr.indeed.com/rc/clk?jk=4d94c4efd9b25214&fccid=b417761b571bd6c1&vjs=3;08/09/2021, 22:31:25
Emplois : Alternance Informatique, Île-de-France - septembre 2021 | Indeed.com;https://fr.indeed.com/rc/clk?jk=f84fecbcc2923711&fccid=b417761b571bd6c1&vjs=3;08/09/2021, 22:31:33
Importez ou créez un CV pour cette candidature | Indeed;https://fr.indeed.com/rc/clk?jk=1fd71f7654480037&fccid=c8dda43a22e6aa45&vjs=3;08/09/2021, 22:31:38
Importez ou créez un CV pour cette candidature | Indeed;https://fr.indeed.com/company/MCA-CONSULTING/jobs/D%C3%A9veloppeur-Se-Prestashop-81d96ed1245ea528?fccid=0a46e54ef70aab9d&vjs=3;08/09/2021, 22:31:43
Importez ou créez un CV pour cette candidature | Indeed;https://fr.indeed.com/company/Paris-Attitude/jobs/Assistant-Product-Owner-50a207ebf015559d?fccid=331fca92a9aa86de&vjs=3;08/09/2021, 22:31:49
Importez ou créez un CV pour cette candidature | Indeed;https://fr.indeed.com/pagead/clk?mo=r&ad=-6NYlbfkN0CM2X08KIgy5KiY7kEZFlM2d2R8yoZrkygWx4DFVKWQFQC2leubXy17H0DOPtsQrfJ-YZiaE7j2hXTwbKwifGKR_b_gpYRAkml1w0eEcOk6Z33zs9TSqHsorDlqzPlike7RMxbUc_LUT5ZZsrj8la3SflmZsn0cFG3f21UuUaYDB0t7jHYO5_7uHygfBJLqVg9GXZhVkImfgyoYOIXtx0okFCVYjlru2AihJD8GNELwTSKe4klqHXpdKuLoCyh3tRFc-SxUkMiN5ZFfFOHfeMaCOm_tPgy5zaPza3Od4QTV3dIdbBVlQmTnk3C7aKmRNZ6zztuaQ06xMeCTU5mi96DTo-Vt76N34Te2HU-qz2t1GlR2r7TCBCFwruBTNYKsq2vAYCYf2DsKmA8P823i0U52ytSQkANCF4euBSM91Y2zCduvJyaYJP8VJ8P7mczJ29x30YCMAJrTmdnxDzYJbfIhmpUPr_mRwKNcRlC4vBz7l76MoWc44YqinZKEflzb_ZvebU6mWAE9rnFXQH4UzsmuNTCnfL3CUfF01MCb_BGoEfJ2kdW0A4st&p=1&fvj=1&vjs=3;08/09/2021, 22:32:42
Importez ou créez un CV pour cette candidature | Indeed;https://fr.indeed.com/rc/clk?jk=d18fb40b48c520e8&fccid=82402e8737017edf&vjs=3;08/09/2021, 22:32:47
Importez ou créez un CV pour cette candidature | Indeed;https://fr.indeed.com/company/INSTEP-IDF/jobs/Technicien-4901c7cfb3929488?fccid=fe914b8dee243d0b&vjs=3;08/09/2021, 22:32:54
Répondez aux questions de présélection de l'employeur | Indeed;https://fr.indeed.com/company/42-Consulting/jobs/Alternance-Cloud-Cybers%C3%A9curit%C3%A9-D%C3%A9butant-ba1621b611d42d42?fccid=9c8392732eab5553&vjs=3;08/09/2021, 22:32:58
Répondez aux questions de présélection de l'employeur | Indeed;https://fr.indeed.com/company/HUMANE-SI/jobs/Technicien-Ne-Administrateur-Trice-Syst%C3%A8me-R%C3%A9seau-Alternance-eaa7306a37949887?fccid=56814be19fe0afd5&vjs=3;08/09/2021, 22:33:03
Importez ou créez un CV pour cette candidature | Indeed;https://fr.indeed.com/company/EXERTIS-CONNECT/jobs/Technicien-Syst%C3%A8me-R%C3%A9seau-Alternance-F-H-dc5fb3939baab0b9?fccid=00b70808cddf0fb4&vjs=3;08/09/2021, 22:33:08
Importez ou créez un CV pour cette candidature | Indeed;https://fr.indeed.com/company/CONSEIL-NATIONAL-DE-L'ORDRE-DES-INFIRMIERS/jobs/Technicien-Support-Informatique-Alternance-a6d44a9f432dedbb?fccid=2e0e4f32861e7f3a&vjs=3;08/09/2021, 22:33:13
Emplois : Alternance Informatique, Île-de-France - septembre 2021 | Indeed.com;https://fr.indeed.com/company/INFORMATION-RESOURCES/jobs/Alternance-Assistant-49da3eb47b66f13c?fccid=73ca19755277ca1c&vjs=3;08/09/2021, 22:33:20
Importez ou créez un CV pour cette candidature | Indeed;https://fr.indeed.com/company/NIPPON-EXPRESS-France/jobs/Alternant-Informatique-b5ee361d454644f1?fccid=05742c78d2e242b1&vjs=3;08/09/2021, 22:33:25
Répondez aux questions de présélection de l'employeur | Indeed;https://fr.indeed.com/company/Everping/jobs/Technicien-Polyvalent-Startup-9fea411a8bcf36cf?fccid=9a2e4e124ed25829&vjs=3;08/09/2021, 22:33:29
Emplois : Alternance Informatique, Île-de-France - septembre 2021 | Indeed.com;https://fr.indeed.com/rc/clk?jk=bcdf4b9f42cdf20e&fccid=5cf4044f5491b0ca&vjs=3;08/09/2021, 22:33:37
Importez ou créez un CV pour cette candidature | Indeed;https://fr.indeed.com/company/YATIC/jobs/Alternance-Technicien-Support-Niveau-56d6dd2821b8314a?fccid=a153baeaca010683&vjs=3;08/09/2021, 22:33:42
Importez ou créez un CV pour cette candidature | Indeed;https://fr.indeed.com/company/%C3%89ditions-l'Harmattan/jobs/Alternance-D%C3%A9veloppement-Informatique-19c20413bc494302?fccid=1c2acb9d3d0b33fd&vjs=3;08/09/2021, 22:33:46
Importez ou créez un CV pour cette candidature | Indeed;https://fr.indeed.com/company/Ka%C3%AFna--com/jobs/D%C3%A9veloppeur-Web-2ec60d207e633e36?fccid=3c94636f1f881b94&vjs=3;08/09/2021, 22:33:52
Importez ou créez un CV pour cette candidature | Indeed;https://fr.indeed.com/rc/clk?jk=afc8e14bd9d8ae74&fccid=c8dda43a22e6aa45&vjs=3;08/09/2021, 22:33:57
Emplois : Alternance Informatique, Île-de-France - septembre 2021 | Indeed.com;https://fr.indeed.com/company/DC2SCALE/jobs/Administrateur-R%C3%A9seaux-Syst%C3%A8mes-Alternance-071be00c8c0877db?fccid=e552c905146d8c1f&vjs=3;08/09/2021, 22:34:05
Répondez aux questions de présélection de l'employeur | Indeed;https://fr.indeed.com/company/HephIA/jobs/Apprenti-Data-Scientist-f6eacad338dfcb6d?fccid=55a0dd208f54b9a8&vjs=3;08/09/2021, 22:34:10
Importez ou créez un CV pour cette candidature | Indeed;https://fr.indeed.com/rc/clk?cmp=Kelenn-Technology&ti=Alternance+D%C3%A9veloppeur+C%23&jk=71cd1a031e894fac&fccid=777d5c7eba3c472a&vjs=3;08/09/2021, 22:34:16
Importez ou créez un CV pour cette candidature | Indeed;https://fr.indeed.com/company/42c/jobs/Ing%C3%A9nieur-Devops-Ovhcloud-D%C3%A9butant-Alternance-f4f9e71079083768?fccid=9c8392732eab5553&vjs=3;08/09/2021, 22:34:22
Emplois : Alternance Informatique, Île-de-France - septembre 2021 | Indeed.com;https://fr.indeed.com/company/Kaisens-Data/jobs/Alternant-D%C3%A9veloppeur-Mobile-2500a3ee5a5c3a0c?fccid=16cccbf649a1bdd5&vjs=3;08/09/2021, 22:34:30
Répondez aux questions de présélection de l'employeur | Indeed;https://fr.indeed.com/company/Paris-Attitude/jobs/Product-Owner-Junior-1e4d7a2275ba934b?fccid=331fca92a9aa86de&vjs=3;08/09/2021, 22:34:35
Importez ou créez un CV pour cette candidature | Indeed;https://fr.indeed.com/rc/clk?jk=1fd71f7654480037&fccid=c8dda43a22e6aa45&vjs=3;08/09/2021, 22:34:41
Importez ou créez un CV pour cette candidature | Indeed;https://fr.indeed.com/company/Groupe-Zephyr/jobs/Assistant-Maitrise-Ouvrage-Alternance-55ac045bf9d06add?fccid=f1142ac974dfc4bb&vjs=3;08/09/2021, 22:34:48
Importez ou créez un CV pour cette candidature | Indeed;https://fr.indeed.com/company/XLCONCEPT-Corporation/jobs/D%C3%A9veloppeur-Android-Alternance-a73a023ba6ca9839?fccid=b80749ad318b1e68&vjs=3;08/09/2021, 22:34:54
Répondez aux questions de présélection de l'employeur | Indeed;https://fr.indeed.com/company/ALTEN/jobs/Alternant-Administrateur-Fonctionnel-Applications-3f9f2b9a3cc9bf9b?fccid=f452ff89851e4578&vjs=3;08/09/2021, 22:34:59
Emplois : Alternance Informatique, Île-de-France - septembre 2021 | Indeed.com;https://fr.indeed.com/company/ATEMPO/jobs/Ing%C3%A9nieur-Support-1ec567edf2c569dc?fccid=f8b1990607c708bb&vjs=3;08/09/2021, 22:35:07
Importez ou créez un CV pour cette candidature | Indeed;https://fr.indeed.com/rc/clk?jk=961f1416fbc9154b&fccid=97b7c850961a6a68&vjs=3;08/09/2021, 22:35:13
Importez ou créez un CV pour cette candidature | Indeed;https://fr.indeed.com/company/SINEQUANONE-CONSEIL/jobs/Chef-Projet-Informatique-b7588fd2e8830be9?fccid=017bd7aa633ca752&vjs=3;08/09/2021, 22:35:19
Ajoutez des documents pour appuyer votre candidature | Indeed;https://fr.indeed.com/pagead/clk?mo=r&ad=-6NYlbfkN0Awa5SHGA2PfkRlMKD_kAW0I4Yh_VeiLmN5I4KcKSxr37AhYaTcOiVm2e2nOijXxhZYjLuzctHGLut55cQqfsHcb-SEMtSGrukPjQPxDOBVRqnhuWK4RpJ6vgM4iPv3GMM2jpSSlMlo7TemAKR5wkuRMGAkkRggCksqrLOQnrQXbdrhLUXIxcPGjjxzL0NzTnoQxK8aAy9oXsGBVcuf7YGcV9Qr2WiULfVvdpmTTFfbqlJ_QHGjNDFjF16wgNLI102vjaWA68dxF0SF9pPQAzOQNGJYdMfSuO02nahhMFKIybf-L1iaUpfIGx75N668BhRd9qsFVvN44sgpesr8ksAxrbXFvFLtktQn-sbFodsgIrvdD_cnoX5TgFdVyjSc1V4PBbAhKzS_4Yocc03sPOduJyN_PkKomjQfGax1S1SJ-HL6z0tOiFI2jG0ydEcUHQK8nn1Jx4GTU3PDqnxZjacbkC1be1Hmr-34IB8fdwSUbxHzBHIrAQ8S40M2RV0xDVlXSiTdHbVlTLKF3iJdJ3EazgPoaMzgVBIiB1QV0v6DjfJKDny8dHbQ_rJEn04pafSBl80MhcWl1_7FQHx-lol17FbCbjoEwhk=&p=0&fvj=1&vjs=3;10/09/2021, 14:46:22
Ajoutez des documents pour appuyer votre candidature | Indeed;https://fr.indeed.com/company/42-Consulting/jobs/Alternance-Cloud-Cybers%C3%A9curit%C3%A9-D%C3%A9butant-ba1621b611d42d42?fccid=9c8392732eab5553&vjs=3;10/09/2021, 14:46:59
Ajoutez des documents pour appuyer votre candidature | Indeed;https://fr.indeed.com/rc/clk?jk=d18fb40b48c520e8&fccid=82402e8737017edf&vjs=3;10/09/2021, 14:47:36
Ajoutez des documents pour appuyer votre candidature | Indeed;https://fr.indeed.com/company/INSTEP-IDF/jobs/Technicien-4901c7cfb3929488?fccid=fe914b8dee243d0b&vjs=3;10/09/2021, 14:48:05
Emplois : Alternance Informatique, Île-de-France - septembre 2021 | Indeed.com;https://fr.indeed.com/company/INSTEP-IDF/jobs/Technicien-4901c7cfb3929488?fccid=fe914b8dee243d0b&vjs=3;10/09/2021, 14:48:13
Ajoutez des documents pour appuyer votre candidature | Indeed;https://fr.indeed.com/company/NIPPON-EXPRESS-France/jobs/Alternant-Informatique-b5ee361d454644f1?fccid=05742c78d2e242b1&vjs=3;10/09/2021, 14:48:50
Ajoutez des documents pour appuyer votre candidature | Indeed;https://fr.indeed.com/company/TOCnDix/jobs/D%C3%A9veloppeurs-Applications-Low-Code-Apprentissage-b61cd5530afdea2c?fccid=411a981e97f8460b&vjs=3;10/09/2021, 14:49:26
Ajoutez des documents pour appuyer votre candidature | Indeed;https://fr.indeed.com/company/%C3%89ditions-l'Harmattan/jobs/Alternance-D%C3%A9veloppement-Informatique-19c20413bc494302?fccid=1c2acb9d3d0b33fd&vjs=3;10/09/2021, 14:50:04
Ajoutez des documents pour appuyer votre candidature | Indeed;https://fr.indeed.com/company/42c/jobs/D%C3%A9veloppeur-Web-D%C3%A9butant-Alternance-5f131a1695cc7277?fccid=9c8392732eab5553&vjs=3;10/09/2021, 14:50:40
Ajoutez des documents pour appuyer votre candidature | Indeed;https://fr.indeed.com/company/EXERTIS-CONNECT/jobs/Technicien-Syst%C3%A8me-R%C3%A9seau-Alternance-F-H-dc5fb3939baab0b9?fccid=00b70808cddf0fb4&vjs=3;10/09/2021, 14:51:26
Emplois : Alternance Informatique, Île-de-France - septembre 2021 | Indeed.com;https://fr.indeed.com/company/Eatology/jobs/D%C3%A9veloppeur-Informatique-bd1eaad91cf690b5?fccid=4a71c1419f3ba8bd&vjs=3;10/09/2021, 14:51:36
Répondez aux questions de présélection de l'employeur | Indeed;https://fr.indeed.com/rc/clk?jk=9ac878e54712088f&fccid=9916a80f74d4d80f&vjs=3;10/09/2021, 14:51:56
Ajoutez des documents pour appuyer votre candidature | Indeed;https://fr.indeed.com/company/Ka%C3%AFna--com/jobs/D%C3%A9veloppeur-Web-2ec60d207e633e36?fccid=3c94636f1f881b94&vjs=3;10/09/2021, 14:52:35
Ajoutez des documents pour appuyer votre candidature | Indeed;https://fr.indeed.com/rc/clk?cmp=Telelangue&ti=D%C3%A9veloppeur+Java%2Fj2ee+Alternance&jk=1583a9d84eeaf96e&fccid=0f2a4b1259803e97&vjs=3;10/09/2021, 14:53:17
Ajoutez des documents pour appuyer votre candidature | Indeed;https://fr.indeed.com/company/HORIBA-FRANCE-SAS/jobs/Ing%C3%A9nieur-Test-Automatisation-System-Alternance-b730c195cda6db88?fccid=cf878c4dda5ad377&vjs=3;10/09/2021, 14:53:57
Ajoutez des documents pour appuyer votre candidature | Indeed;https://fr.indeed.com/company/42-Consulting/jobs/Alternance-Cloud-Cybers%C3%A9curit%C3%A9-D%C3%A9butant-ba1621b611d42d42?fccid=9c8392732eab5553&vjs=3;10/09/2021, 15:12:04
Répondez aux questions de présélection de l'employeur | Indeed;https://fr.indeed.com/pagead/clk?mo=r&ad=-6NYlbfkN0AF21rwbTWKPAx9yMkkS0tdAFPJ7eOnDF9RxWJ4_yQWZIC6CaPqCKlN4V3r4F236VdcC6WCEFgWl5B2Rm4KNvrn-91lhIy9dCEW1JRRB67l689bsfHm4dIsISaT2JvRALl0TamD9LBDNEDt8qmvvWV4Du8aCC8ftx7DEUQnIWmtio3KdlHE2ppmRKUnvJnRHvgh9w1KHufHy6963NlckDtWQamoYhMfZyTo52xlzjSOP9jxxY2pO6-SkL_GlWYVuFcNOrFCy3Tfn24OMiSJUAzviT763qBGz1ENIfOMBivu9lgejVLeJak_V6jgzxbh5gzn6HOR0Uod4xDYBVCSEiOnzqAkrRIXTmD0rIQCMByYjJyqme06rLiyjjqri4TOBRho5pVd7NK7qs5cl33kUXJZ-NYAwTeduanwzzous03h2opdl2nY7rQpikelprX6b-jcd5fA2XThJ8YjFd-pyl7rPem8s6KSphoS7PxfypS_8crZGGF29txDNSzXbCmRsc9TruPCnanR5jHWWSmrAfXIGQCsH4uh8ljj6ZmVdwF6qjV9sIQ6L1kun77OJ1Ew6-YEYpXKW6x6oUD1z4v7Yhg6J24E13tQyQM=&p=0&fvj=0&vjs=3;10/09/2021, 15:15:18
Ajoutez des documents pour appuyer votre candidature | Indeed;https://fr.indeed.com/pagead/clk?mo=r&ad=-6NYlbfkN0AobmO_HfzmLdJdWnKdnAv9myl9kpAI4VUql68c481MU0GDzDES6kwf-QEX5xV1vbYA1V0uOSTDvfQMKEa1HCngB5Cymt019UAIxASFrZTuGtdAnsxobSB3bUBjNgumXEP7G7JAiyffWcQU8ISzyb_s9X-VZ1rOeJMMs5LmBOCwV3oQ7ti0yM3rKuzp7OZ9CESEbjvw-286z6Ae-DjCwHY9iLmkq-mR_b1-6YvTVjjSjQsSeX85XsOIL6JlCu9BfPyMhgzYBRAo7PCFOf9twnQXtXSm4PjKuKP5NYSHhhs58la_w750GuPgT_pY4TB8IkxCGEky8A3M2b7d3Fd5OnE9q6O3ozV0R_boGKFdXdJf3IxpKH25D5S32nM3X4qw4yBUbZveVh9fHWkN_glf6_rXIfbR4RG_2rVWPWFff_yzwV7W3M7WoIicXAJ2vdyey50VsUR91T7sjwtVZjymEU-QzR6QDAmzbj5MxCBG24On7SC5TjqrNVDtKEscH1mTWx_jGw6ToBIXM8mtR7QPvnv85X01dfUdSntKVkhuS0Q-eS3RPXjBWgKZ_yOOiM2NEbQ=&p=1&fvj=1&vjs=3;10/09/2021, 15:15:49
Ajoutez des documents pour appuyer votre candidature | Indeed;https://fr.indeed.com/company/INSTEP-IDF/jobs/Technicien-4901c7cfb3929488?fccid=fe914b8dee243d0b&vjs=3;10/09/2021, 15:16:25
Ajoutez des documents pour appuyer votre candidature | Indeed;https://fr.indeed.com/rc/clk?jk=d18fb40b48c520e8&fccid=82402e8737017edf&vjs=3;10/09/2021, 15:16:57
Ajoutez des documents pour appuyer votre candidature | Indeed;https://fr.indeed.com/company/42-Consulting/jobs/Alternance-Cloud-Cybers%C3%A9curit%C3%A9-D%C3%A9butant-ba1621b611d42d42?fccid=9c8392732eab5553&vjs=3;10/09/2021, 15:17:29
Ajoutez des documents pour appuyer votre candidature | Indeed;https://fr.indeed.com/company/EXERTIS-CONNECT/jobs/Technicien-Syst%C3%A8me-R%C3%A9seau-Alternance-F-H-dc5fb3939baab0b9?fccid=00b70808cddf0fb4&vjs=3;10/09/2021, 15:18:02
Répondez aux questions de présélection de l'employeur | Indeed;https://fr.indeed.com/company/TECHNEMA/jobs/Contrat-Apprentissage-7563602e3dfbc9d1?fccid=e137c9105669e0e6&vjs=3;10/09/2021, 22:08:31
Répondez aux questions de présélection de l'employeur | Indeed;https://fr.indeed.com/company/YELPP-INFORMATIQUE/jobs/Administrateur-Syst%C3%A8mes-R%C3%A9seaux-604b031301839435?fccid=9a19a915a32129c1&vjs=3;10/09/2021, 22:08:42
Répondez aux questions de présélection de l'employeur | Indeed;https://fr.indeed.com/company/Everping/jobs/Technicien-Polyvalent-Startup-9fea411a8bcf36cf?fccid=9a2e4e124ed25829&vjs=3;10/09/2021, 22:08:53
Ajoutez des documents pour appuyer votre candidature | Indeed;https://fr.indeed.com/company/Mobile-Tech-People/jobs/Apprenti-Administrateur-Syst%C3%A8mes-R%C3%A9seaux-bbfe2afd156fea8f?fccid=a794eb0d22a0ead9&vjs=3;10/09/2021, 22:09:19
Ajoutez des documents pour appuyer votre candidature | Indeed;https://fr.indeed.com/company/CANON/jobs/Technicien-Support-Informatique-9744fe6003b3341a?fccid=afaf88086f718352&vjs=3;10/09/2021, 22:09:45
Répondez aux questions de présélection de l'employeur | Indeed;https://fr.indeed.com/company/ARISSE/jobs/Technicien-Informatique-H-F-Contrat-Apprentissage-220a1b668062caa7?fccid=04a07de223f1da23&vjs=3;10/09/2021, 22:09:55
Répondez aux questions de présélection de l'employeur | Indeed;https://fr.indeed.com/rc/clk?jk=030e844498fae1bd&fccid=9916a80f74d4d80f&vjs=3;10/09/2021, 22:10:06
Indeed Apply;https://fr.indeed.com/rc/clk?jk=7686d95f229a630a&fccid=762478de82dd82b1&vjs=3;10/09/2021, 22:10:25
Répondez aux questions de présélection de l'employeur | Indeed;https://fr.indeed.com/company/SODILAC/jobs/Apprenti-14e68022b551c676?fccid=1d04d44a14cfa04d&vjs=3;10/09/2021, 22:10:43
Répondez aux questions de présélection de l'employeur | Indeed;https://fr.indeed.com/company/QIONIS/jobs/Technicien-Syst%C3%A8mes-R%C3%A9seaux-bb376444d5b3a908?fccid=181d46efd1e3380f&vjs=3;10/09/2021, 22:11:02
Ajoutez des documents pour appuyer votre candidature | Indeed;https://fr.indeed.com/company/Mobile-Tech-People/jobs/Apprenti-Administrateur-Syst%C3%A8mes-R%C3%A9seaux-bbfe2afd156fea8f?fccid=a794eb0d22a0ead9&vjs=3;10/09/2021, 23:00:28
Ajoutez des documents pour appuyer votre candidature | Indeed;https://fr.indeed.com/company/Everping/jobs/Technicien-Polyvalent-Startup-9fea411a8bcf36cf?fccid=9a2e4e124ed25829&vjs=3;10/09/2021, 23:00:54
Ajoutez des documents pour appuyer votre candidature | Indeed;https://fr.indeed.com/company/TECHNEMA/jobs/Contrat-Apprentissage-7563602e3dfbc9d1?fccid=e137c9105669e0e6&vjs=3;10/09/2021, 23:01:21
Répondez aux questions de présélection de l'employeur | Indeed;https://fr.indeed.com/rc/clk?jk=030e844498fae1bd&fccid=9916a80f74d4d80f&vjs=3;10/09/2021, 23:01:32
Ajoutez des documents pour appuyer votre candidature | Indeed;https://fr.indeed.com/company/YELPP-INFORMATIQUE/jobs/Administrateur-Syst%C3%A8mes-R%C3%A9seaux-604b031301839435?fccid=9a19a915a32129c1&vjs=3;10/09/2021, 23:02:08
Indeed Apply;https://fr.indeed.com/rc/clk?jk=7686d95f229a630a&fccid=762478de82dd82b1&vjs=3;10/09/2021, 23:02:18
Votre candidature a bien été envoyée | Indeed;https://fr.indeed.com/rc/clk?jk=e9f5f2fef00f8af5&fccid=9916a80f74d4d80f&vjs=3;10/09/2021, 23:02:53
Passez en revue le contenu de cette candidature | Indeed;https://fr.indeed.com/company/CANON/jobs/Technicien-Support-Informatique-9744fe6003b3341a?fccid=afaf88086f718352&vjs=3;10/09/2021, 23:03:19
Répondez aux questions de présélection de l'employeur | Indeed;https://fr.indeed.com/company/QIONIS/jobs/Technicien-Syst%C3%A8mes-R%C3%A9seaux-bb376444d5b3a908?fccid=181d46efd1e3380f&vjs=3;10/09/2021, 23:03:31
Informatique - Île-de-France en CDI/CDD : 67 offres d'emploi | Indeed France;https://fr.indeed.com/company/SODILAC/jobs/Apprenti-14e68022b551c676?fccid=1d04d44a14cfa04d&vjs=3;10/09/2021, 23:03:52
Ajoutez des documents pour appuyer votre candidature | Indeed;https://fr.indeed.com/company/ARISSE/jobs/Technicien-Informatique-H-F-Contrat-Apprentissage-220a1b668062caa7?fccid=04a07de223f1da23&vjs=3;10/09/2021, 23:04:19
Répondez aux questions de présélection de l'employeur | Indeed;https://fr.indeed.com/company/QIONIS/jobs/Technicien-Syst%C3%A8mes-R%C3%A9seaux-bb376444d5b3a908?fccid=181d46efd1e3380f&vjs=3;10/09/2021, 23:04:30
Répondez aux questions de présélection de l'employeur | Indeed;https://fr.indeed.com/company/SERMA-SAFETY-&-SECURITY/jobs/Ing%C3%A9nieur-S%C3%A9curit%C3%A9-R%C3%A9seaux-7b8af09833f09d55?fccid=d21b5bfbcee4c639&vjs=3;10/09/2021, 23:04:41
Passez en revue le contenu de cette candidature | Indeed;https://fr.indeed.com/company/SPINALCOM/jobs/Contrat-Apprentissage-3eae03b3abbea8c1?fccid=17e6dc3e1580e00f&vjs=3;10/09/2021, 23:05:01
Répondez aux questions de présélection de l'employeur | Indeed;https://fr.indeed.com/company/EUROPEENNE-D'HOTELLERIE/jobs/Chef-Projet-Informatique-Contrat-Alternance-d78d4d1ac6584c8f?fccid=c39deda30eaefa1e&vjs=3;10/09/2021, 23:05:19
Importez ou créez un CV pour cette candidature | Indeed;https://fr.indeed.com/company/SPINALCOM/jobs/Contrat-Apprentissage-c124ed6da1d21cdd?fccid=17e6dc3e1580e00f&vjs=3;10/09/2021, 23:05:44
Ajoutez vos expériences professionnelles pertinentes | Indeed.com;https://fr.indeed.com/company/AURA-PARIS/jobs/Technicien-Informatique-fedda21e99e545c9?fccid=c29dacf635d02afd&vjs=3;13/09/2021, 12:59:28
Informatique - Île-de-France en CDI/CDD : 68 offres d'emploi | Indeed France;https://fr.indeed.com/company/EUROPEENNE-D'HOTELLERIE/jobs/Chef-Projet-Informatique-Contrat-Alternance-d78d4d1ac6584c8f?fccid=c39deda30eaefa1e&vjs=3;13/09/2021, 12:59:50
Ajoutez des documents pour appuyer votre candidature | Indeed;https://fr.indeed.com/company/SODILAC/jobs/Apprenti-14e68022b551c676?fccid=1d04d44a14cfa04d&vjs=3;13/09/2021, 13:00:17
Indeed Apply;https://fr.indeed.com/rc/clk?jk=e9f5f2fef00f8af5&fccid=9916a80f74d4d80f&vjs=3;13/09/2021, 13:00:28
Répondez aux questions de présélection de l'employeur | Indeed;https://fr.indeed.com/company/SERMA-SAFETY-&-SECURITY/jobs/Ing%C3%A9nieur-S%C3%A9curit%C3%A9-R%C3%A9seaux-7b8af09833f09d55?fccid=d21b5bfbcee4c639&vjs=3;13/09/2021, 13:00:40
Répondez aux questions de présélection de l'employeur | Indeed;https://fr.indeed.com/company/SINEQUANONE-CONSEIL/jobs/Chef-Projet-Informatique-b7588fd2e8830be9?fccid=017bd7aa633ca752&vjs=3;13/09/2021, 13:00:59
Ajoutez des documents pour appuyer votre candidature | Indeed;https://fr.indeed.com/company/SPINALCOM/jobs/Contrat-Apprentissage-c124ed6da1d21cdd?fccid=17e6dc3e1580e00f&vjs=3;13/09/2021, 13:01:21
Informatique - Île-de-France en CDI/CDD : 68 offres d'emploi | Indeed France;https://fr.indeed.com/company/Sweet-Punk/jobs/Assistant-Informatique-11e9a8daa6f89de0?fccid=26132bed62bf5fe5&vjs=3;13/09/2021, 13:01:53
Répondez aux questions de présélection de l'employeur | Indeed;https://fr.indeed.com/rc/clk?jk=f25d4d678b7b725e&fccid=9916a80f74d4d80f&vjs=3;13/09/2021, 13:02:21
Ajoutez des documents pour appuyer votre candidature | Indeed;https://fr.indeed.com/company/UTAC/jobs/Apprenti-Ing%C3%A9nieur-Qualit%C3%A9-Systeme-c3bf9052c796f57e?fccid=40508b2f3947d8ac&vjs=3;13/09/2021, 13:02:44
Répondez aux questions de présélection de l'employeur | Indeed;https://fr.indeed.com/rc/clk?jk=b41fa9d4a27264bd&fccid=f8d4d26a9f657a34&vjs=3;13/09/2021, 13:02:56
Ajoutez des documents pour appuyer votre candidature | Indeed;https://fr.indeed.com/company/AURA-PARIS/jobs/Technicien-Informatique-fedda21e99e545c9?fccid=c29dacf635d02afd&vjs=3;13/09/2021, 13:03:43
Ajoutez des documents pour appuyer votre candidature | Indeed;https://fr.indeed.com/company/YELPP-INFORMATIQUE/jobs/Administrateur-Syst%C3%A8mes-R%C3%A9seaux-604b031301839435?fccid=9a19a915a32129c1&vjs=3;13/09/2021, 13:04:11
Votre candidature a bien été envoyée | Indeed;https://fr.indeed.com/company/Everping/jobs/Technicien-Polyvalent-Startup-9fea411a8bcf36cf?fccid=9a2e4e124ed25829&vjs=3;13/09/2021, 13:04:40
Ajoutez des documents pour appuyer votre candidature | Indeed;https://fr.indeed.com/company/Mobile-Tech-People/jobs/Apprenti-Administrateur-Syst%C3%A8mes-R%C3%A9seaux-bbfe2afd156fea8f?fccid=a794eb0d22a0ead9&vjs=3;13/09/2021, 13:05:09
Répondez aux questions de présélection de l'employeur | Indeed;https://fr.indeed.com/company/QIONIS/jobs/Technicien-Syst%C3%A8mes-R%C3%A9seaux-bb376444d5b3a908?fccid=181d46efd1e3380f&vjs=3;13/09/2021, 13:05:21
Ajoutez des documents pour appuyer votre candidature | Indeed;https://fr.indeed.com/company/CANON/jobs/Technicien-Support-Informatique-9744fe6003b3341a?fccid=afaf88086f718352&vjs=3;13/09/2021, 13:05:48
Répondez aux questions de présélection de l'employeur | Indeed;https://fr.indeed.com/rc/clk?jk=030e844498fae1bd&fccid=9916a80f74d4d80f&vjs=3;13/09/2021, 13:06:00
Indeed Apply;https://fr.indeed.com/rc/clk?jk=e9f5f2fef00f8af5&fccid=9916a80f74d4d80f&vjs=3;13/09/2021, 13:06:29
Ajoutez des documents pour appuyer votre candidature | Indeed;https://fr.indeed.com/company/ARISSE/jobs/Technicien-Informatique-H-F-Contrat-Apprentissage-220a1b668062caa7?fccid=04a07de223f1da23&vjs=3;13/09/2021, 13:07:08
Indeed Apply;https://fr.indeed.com/rc/clk?jk=7686d95f229a630a&fccid=762478de82dd82b1&vjs=3;13/09/2021, 13:07:18
Informatique - Île-de-France en CDI/CDD : 68 offres d'emploi | Indeed France;https://fr.indeed.com/rc/clk?jk=7686d95f229a630a&fccid=762478de82dd82b1&vjs=3;13/09/2021, 13:07:40
Répondez aux questions de présélection de l'employeur | Indeed;https://fr.indeed.com/company/TITRAFILM/jobs/Ingenieur-Informatique-Gestion-1d6c131e12308357?fccid=84e9526cf7781d9f&vjs=3;13/09/2021, 13:07:52
Ajoutez des documents pour appuyer votre candidature | Indeed;https://fr.indeed.com/company/SODILAC/jobs/Apprenti-14e68022b551c676?fccid=1d04d44a14cfa04d&vjs=3;13/09/2021, 13:08:29
Répondez aux questions de présélection de l'employeur | Indeed;https://fr.indeed.com/company/SERMA-SAFETY-&-SECURITY/jobs/Ing%C3%A9nieur-S%C3%A9curit%C3%A9-R%C3%A9seaux-7b8af09833f09d55?fccid=d21b5bfbcee4c639&vjs=3;13/09/2021, 13:08:41
Ajoutez des documents pour appuyer votre candidature | Indeed;https://fr.indeed.com/company/SPINALCOM/jobs/Contrat-Apprentissage-c124ed6da1d21cdd?fccid=17e6dc3e1580e00f&vjs=3;13/09/2021, 13:09:09
Ajoutez des documents pour appuyer votre candidature | Indeed;https://fr.indeed.com/company/SPINALCOM/jobs/Contrat-Apprentissage-3eae03b3abbea8c1?fccid=17e6dc3e1580e00f&vjs=3;13/09/2021, 13:09:36
Répondez aux questions de présélection de l'employeur | Indeed;https://fr.indeed.com/company/SINEQUANONE-CONSEIL/jobs/Chef-Projet-Informatique-b7588fd2e8830be9?fccid=017bd7aa633ca752&vjs=3;13/09/2021, 13:09:48
Informatique - Île-de-France en CDI/CDD : 68 offres d'emploi | Indeed France;https://fr.indeed.com/company/UTAC/jobs/Apprenti-Ing%C3%A9nieur-Qualit%C3%A9-Systeme-c3bf9052c796f57e?fccid=40508b2f3947d8ac&vjs=3;13/09/2021, 13:10:38
;https://fr.indeed.com/rc/clk?jk=f25d4d678b7b725e&fccid=9916a80f74d4d80f&vjs=3;13/09/2021, 13:10:53
Importez ou créez un CV pour cette candidature | Indeed;https://fr.indeed.com/company/ARISSE/jobs/Technicien-Informatique-74f545fc1cae24a5?fccid=04a07de223f1da23&vjs=3;27/09/2021, 22:08:37
Indeed Apply;https://fr.indeed.com/company/Mobile-Tech-People/jobs/Apprenti-Administrateur-Syst%C3%A8mes-R%C3%A9seaux-bbfe2afd156fea8f?fccid=a794eb0d22a0ead9&vjs=3;27/09/2021, 22:08:49
Indeed Apply;https://fr.indeed.com/company/CANON/jobs/Technicien-Support-Informatique-9744fe6003b3341a?fccid=afaf88086f718352&vjs=3;27/09/2021, 22:09:02
Répondez aux questions de présélection de l'employeur | Indeed;https://fr.indeed.com/company/IMG/jobs/D%C3%A9veloppeur-Informatique-5a92611597a9d6a5?fccid=d65c94851e4c9aa2&vjs=3;27/09/2021, 22:09:20
Répondez aux questions de présélection de l'employeur | Indeed;https://fr.indeed.com/rc/clk?jk=030e844498fae1bd&fccid=9916a80f74d4d80f&vjs=3;27/09/2021, 22:09:47
Votre candidature a bien été envoyée | Indeed;https://fr.indeed.com/rc/clk?jk=6f011688e88b5229&fccid=a5e8bbe37efb9042&vjs=3;27/09/2021, 22:10:12
Informatique - Île-de-France en CDI/CDD : 64 offres d'emploi | Indeed France;https://fr.indeed.com/company/Ho'Carr%C3%A9/jobs/Chef-Projet-Informatique-e8a38f10d1171b3e?fccid=e4f70507a7b42aa4&vjs=3;27/09/2021, 22:10:34
